,A,B,C,D
2000-01-01,-0.15326977906878722,1.167173174232656,0.9097504211536802,0.5301507875212145
2000-01-02,-0.7496238224969715,2.6401422723596077,0.40926109586684334,0.8033974217951603
2000-01-03,-0.958240980707997,5.016833684976596,0.44771194291220295,2.898955648826753
2000-01-04,-0.6342450949039926,4.679251586245898,-0.4962710262312189,5.151451030320546
2000-01-05,1.0884423297112567,4.459688734780335,-0.3489487069004953,4.871731254095618
2000-01-06,0.4653173444252767,5.068886594401375,0.12501924135946368,5.0196124678087335
2000-01-07,2.2994067896888652,5.325120436570862,1.9551361090464872,3.4799321149627103
2000-01-08,4.140665028520016,5.504728727402753,-0.2905519266990144,3.2123291600220982
2000-01-09,3.6297164294022877,5.043717461367301,0.8485078827974382,2.3190072235550305
2000-01-10,4.16309136434088,5.2121018773037155,0.48960585632259895,3.405334907734259
2000-01-11,4.884441997081491,6.777656758924973,0.654588979175156,4.130952016219345
2000-01-12,5.1702592818187325,6.717333924332681,1.3016797953703554,4.773179161545477
2000-01-13,6.264222117351588,7.065991422445853,0.1948688328990209,6.015819961140852
2000-01-14,8.156009531122983,6.170633526654325,1.6178672409313493,4.740861327108011
2000-01-15,9.233681072273813,6.255552948857016,0.42746077325661314,2.0387868073087705
2000-01-16,8.803830503635064,6.885243429093105,-0.552892512462657,1.7830562368669063
2000-01-17,9.605665064744253,6.901693474132772,0.017299904855617054,-0.05166592807167136
2000-01-18,8.57525958379996,7.958067118898213,1.6393458089340063,0.440811252009986
2000-01-19,8.461967451314905,7.739830473546386,1.3108205465104743,-0.12041621478399661
2000-01-20,7.384952213206697,8.969701895195566,1.2156202772564166,1.3640352871595371
2000-01-21,4.8904656803227065,10.511049318941556,1.952137113910847,1.0050618111533012
2000-01-22,4.080001439431327,12.61716735619947,1.4205338077441003,2.9332560137861883
2000-01-23,3.17325271771465,11.716849392363924,2.9613136689398765,4.788823377328959
2000-01-24,3.4599792327058174,12.070461513688297,2.090489577273686,6.6252021066264595
2000-01-25,3.9141970015720084,12.530283246250661,1.5837268890517597,7.096038502591392
2000-01-26,2.8814480964435214,13.945734906164287,1.961909909881166,4.847514279217977
2000-01-27,2.9295445287185347,13.763506063260893,1.2551096779542612,3.6474760680970277
2000-01-28,3.2277470056680784,13.95852375738751,-0.17777052657188364,2.694487036396282
2000-01-29,2.459953451825273,13.86879471950815,0.5703779889850593,2.02785210821527
2000-01-30,3.208582881250799,14.145270398462756,-0.475930874631072,1.7364951076377881
2000-01-31,4.408381029750439,15.011310825291051,-0.8500479606844172,2.020169611741074
2000-02-01,4.246371381939726,13.857701843891622,-1.1327836806173808,4.170481347151233
2000-02-02,3.883753134138646,13.282944938506642,-1.6290752024548019,5.099506330565996
2000-02-03,3.9688840030775467,14.136611335086538,-0.5057517441381922,6.596520726968565
2000-02-04,4.911277214508793,16.1039449450616,-0.38712436808792206,7.0025147580601415
2000-02-05,5.640840023971376,15.803122512537296,-0.2932195679767703,6.3393356551948745
2000-02-06,4.803633385064333,15.119519724964373,-0.24968949575693078,5.826995450056326
2000-02-07,4.055919428075842,14.977461978743012,-1.41958177181027,5.752010103726281
2000-02-08,4.163657437611504,13.76809967845338,1.000507536297325,6.750826771613855
2000-02-09,4.865755483433037,14.461710040001023,-1.1068042237749416,6.798168512566967
2000-02-10,6.722110040226368,15.563078297062317,-2.070660530627061,4.640309492438854
2000-02-11,6.210986431389512,16.753420370237915,-2.2625597873987937,4.938861876855272
2000-02-12,6.934634797848327,16.33143646108055,-2.068108475022184,3.6213816112576684
2000-02-13,7.925551144295904,15.416207942039774,0.26759835371834084,3.5470656365302933
2000-02-14,7.991626531277201,14.582224984963975,0.8486613812141056,4.551996946443684
2000-02-15,5.609384297557135,14.182946795942936,0.8175540828758739,3.8496446806505284
2000-02-16,5.4500447525880915,14.175074041757822,2.0014346754212236,4.209371355002737
2000-02-17,5.9265608774460485,17.469115359172324,2.3688570962364435,5.135092931158661
2000-02-18,4.185303809559418,17.627750446773604,0.676253917930457,4.242784344357917
2000-02-19,5.511292960256959,19.89819927570411,0.6946125520435011,3.8428291286755765
2000-02-20,4.404109935054916,20.63532482812346,1.5338537507782375,4.472964000096203
2000-02-21,2.3593177473237286,22.218920145545308,1.7002566100343528,2.8187649624445448
2000-02-22,2.9186014376136473,21.498403665027297,2.0606635257967705,2.4030952708899025
2000-02-23,2.9331214139797477,21.035676104244178,2.3726219038680174,2.335278465817087
2000-02-24,1.0985142484759005,20.485427934112558,1.1546462114864484,2.0305685192446035
2000-02-25,0.08015770512837528,21.95924670287573,2.4843303756375574,1.1207946853985442
2000-02-26,0.6774123552938114,23.366981353559797,1.8962375670660974,2.0092668781945227
2000-02-27,1.3079536934442006,23.07077281532157,2.72991607846396,2.1567944653080313
2000-02-28,1.5643876321752215,25.77288495100503,1.6699327040454628,3.108851545765563
2000-02-29,0.36404177865503984,26.74194673016839,0.49262621030795706,6.347481050862708
2000-03-01,-0.817371285213905,27.20338748473813,2.0305242539143538,6.900673988974425
2000-03-02,-2.304006384557993,27.673129393304546,2.23539427079302,8.540934939936713
2000-03-03,-2.7310600222504653,26.280069986037766,2.166567675776867,8.27936388890123
2000-03-04,-3.487398529201337,25.987980104237444,2.516051358896314,6.815390610104673
2000-03-05,-5.04416811109113,25.875646091199872,0.6785660192605052,6.596019125936033
2000-03-06,-4.477682356138622,26.385334327241406,-0.18376430847475533,6.90460155900722
2000-03-07,-3.3194183683190115,27.756440715760604,-0.6056084179749968,5.921980001413095
2000-03-08,-3.1000946338033533,27.730300943325695,-1.578716524223796,5.885773117662824
2000-03-09,-2.347347886004064,27.37392893424344,-1.331937325982548,6.668047871433836
2000-03-10,-1.5290050093318563,25.847637846026913,0.39655882929140973,8.377354798940804
2000-03-11,-1.2310235673932373,24.150780071959158,-1.1163052903891766,8.274993319749923
2000-03-12,-1.0782416647636388,25.478285769335,-1.5548461954457595,8.300141443412048
2000-03-13,-0.292545878295705,24.80451478821117,-1.6164860563302805,9.352847082596668
2000-03-14,-0.1309109923625267,24.15296665315849,-1.664753176454602,8.372910655815431
2000-03-15,0.6303783885320227,24.79190301995934,-2.821112641533067,8.526623641954117
2000-03-16,0.963562129494061,24.376100683759738,-3.4201686516290795,8.425655654738962
2000-03-17,-0.891462755326695,25.599060466901403,-3.1324556453752685,7.677271520498253
2000-03-18,-1.2577412199024727,25.49385260197141,-3.1045170316921293,9.461334828981066
2000-03-19,-1.215067391334546,26.837798992510315,-1.1672629971039377,10.058962752760472
2000-03-20,-1.3377166567706287,27.13547490157399,-2.134150272411915,9.372941908643128
2000-03-21,-2.671783027268515,27.73321243166076,-1.6364099763166404,8.731960809235371
2000-03-22,0.4901822261965503,26.67395470701906,-2.347945130931516,10.678402264497091
2000-03-23,0.9550003734905108,26.39722194876311,-2.4668930183383333,8.872507462314761
2000-03-24,-1.3754822588100153,26.508059416377872,-2.6303454639388435,9.093892318414374
2000-03-25,-1.5051456355241135,27.119659466482645,-1.7686558386658258,11.136059306303407
2000-03-26,-1.4563384849999705,26.52890294673029,-0.7624109652324209,10.462265646054032
2000-03-27,-1.4685309101598218,25.70754370250978,2.1490772421737576,11.915452078793034
2000-03-28,-2.6107002894164104,25.461998158341075,1.1089505496275107,13.765192324468007
2000-03-29,-1.6175214504116688,23.51314393041711,1.0297915192466043,14.033090545738936
2000-03-30,-2.084261772211745,22.121048213731115,1.0437607453049842,12.49345052871487
2000-03-31,-1.9502088103833304,23.08193854839814,0.7287864613691315,13.135279814738103
2000-04-01,-1.6515055210272278,21.911565731490402,1.7955686499707417,11.015395748669617
2000-04-02,-1.060291806885129,22.269192956797493,1.7898459997970653,12.01285438937503
2000-04-03,-1.2598971636309135,22.73385084687627,0.7985574354224837,11.3084782233517
2000-04-04,-1.550968119479791,24.52097972353667,1.0702725797133645,10.673929616409934
2000-04-05,-1.5152343964437005,22.659035339821727,1.4441826880290392,11.72372643876793
2000-04-06,-1.69053596885243,22.751136607037473,0.40386401501942815,13.062201012988988
2000-04-07,-1.8874604072506305,24.878898380293553,0.9231043674725379,12.679063743642445
2000-04-08,-1.4312463968566804,25.402170295558594,1.0493536595571291,11.370859565795678
2000-04-09,-1.4610637317363495,25.03249475575968,2.7237769696272767,8.967773615449655
2000-04-10,-2.8414912277431124,25.22750481093664,2.0763318315255814,11.007811450945132
2000-04-11,-2.4515025194630597,26.541133835939267,1.0868984749440318,10.890384731811372
2000-04-12,-2.711221665281508,27.264691918765507,0.23836100432812313,11.015245686202844
2000-04-13,-4.256504664544674,28.799227980012052,1.0429497095443714,10.149503623201388
2000-04-14,-4.627853288406249,26.20801424229028,-0.2230051474833974,9.19771430845196
2000-04-15,-3.390161225231086,26.179482365877348,-0.23039643884333377,9.241441239491804
2000-04-16,-1.7897663835897695,24.40392506857035,1.603781720515416,9.13965317457826
2000-04-17,-1.2094806149384656,24.79500383661018,2.114370980149922,10.010270297474973
2000-04-18,-1.1458553019619167,24.9044077570654,3.25288939696878,10.14109743513177
2000-04-19,-1.22888718130818,26.238832248827315,4.258704169132281,11.169614986350101
2000-04-20,-1.5434605678895252,27.908712585443645,3.5649985526430594,11.259458012511619
2000-04-21,-1.9372828887380522,27.788419200490406,4.793507072270506,11.336371453891845
2000-04-22,-3.87983617777828,27.91763460116102,3.082903460298134,10.757216195035376
2000-04-23,-4.4489775622072,27.36785064018433,3.431770636530794,11.432669175855125
2000-04-24,-5.370325841414695,26.68302058092916,3.8692223346270573,12.118874551902273
2000-04-25,-5.096182189774037,25.44821486566617,3.678858012631606,12.395263634698276
2000-04-26,-5.09248695857585,26.444523623438442,2.8516099147492224,11.506111744922247
2000-04-27,-3.1875224280432057,28.098981105108887,3.503964534005129,11.151576435859099
2000-04-28,-4.108837527143224,28.74435050238822,3.7842107717467677,11.376391538204377
2000-04-29,-4.608638195550544,28.061551676638555,3.264837235697958,10.676629902261183
2000-04-30,-4.947761136986454,26.56242542492865,1.8318337615668532,10.307184487926333
2000-05-01,-3.674663023871516,25.812944315987867,2.4055797499645664,11.242081718414209
2000-05-02,-3.515698974678414,26.241325866962267,2.890747700799237,11.816902528003936
2000-05-03,-3.331233034095867,26.376059416769106,1.274216866295959,13.010869974556622
2000-05-04,-3.2685323429490656,26.07059361847892,0.29783529653181995,14.644289974746089
2000-05-05,-3.4479005378608982,26.260739835900427,-2.3995805612819026,16.618376116385097
2000-05-06,-3.4573365804275937,26.479105201292775,-2.2804616648047817,14.454920991143712
2000-05-07,-3.4270586471519375,27.22126989256134,0.7985081823156648,14.162418614525935
2000-05-08,-1.5715654438760112,27.348503324717086,0.2514673332328974,13.821452494211266
2000-05-09,-1.978644666192527,25.051057656733754,1.2581145406884777,12.907961517215805
2000-05-10,-1.1466038681506165,23.40492232016479,-0.004102179460783173,13.187761370604264
2000-05-11,-0.559834258731739,23.155887222343086,0.7010374196712429,13.71627639598025
2000-05-12,-2.09753488261852,22.908596988048764,-0.7657694148937456,13.007960150131385
2000-05-13,-2.5338229170126794,22.966061827945744,-1.2659202539240555,12.843199416242582
2000-05-14,-3.1743338346593197,22.99771707302392,-2.5154863802406258,11.998856751559885
2000-05-15,-3.1569397643018635,23.507336000176533,-1.169556047822083,11.27609675527517
2000-05-16,-4.861315948051708,22.51040544496854,0.25137970278307753,12.181434598323364
2000-05-17,-4.4878335365515,22.558068859012614,0.4896589619484749,12.856114359886384
2000-05-18,-3.862162005744484,22.36583923346114,0.5803049944651849,13.690551211674112
2000-05-19,-3.086359621252283,23.190260646400287,1.819046942580198,12.810002836351025
2000-05-20,-3.6697669856839896,23.080597632524338,1.161753298533994,12.41231546519448
2000-05-21,-2.799984141618209,22.78016209807043,1.2420829550607293,12.792182404491967
2000-05-22,-2.0169587361137546,25.208929123186305,0.9192696529113396,12.850611688056327
2000-05-23,-2.0472483682666707,23.470820482825857,1.6223255473250373,11.941458181177541
2000-05-24,-1.0796605455490365,23.090846574559883,2.6305069998115753,11.323970742001691
2000-05-25,-1.2736600659108348,23.46033112331415,2.9142914408392575,11.591952460511875
2000-05-26,-0.708700157061036,23.592076203942998,3.025056476857438,11.488684450759683
2000-05-27,-1.5445296636983268,22.112686282310708,3.6726689534373227,11.33073068498381
2000-05-28,-3.0849640847974573,22.012485311447815,5.382094792337076,12.396712597996965
2000-05-29,-2.5127237210904383,20.340624603409367,3.1965822504356964,12.905734750252057
2000-05-30,-3.0949591566163104,21.8647283377412,1.9891235008834434,12.157118314490996
2000-05-31,-2.6415693776256997,21.15054365915154,2.278306534070019,10.750754015696637
2000-06-01,-2.8660668927403665,21.825737933641186,3.600860601810324,12.295457909104645
2000-06-02,-2.834043996662509,22.101540028104328,4.908719557459895,12.374693084051486
2000-06-03,-2.060739741578839,22.66061166885339,4.3796498790373635,12.275208133340701
2000-06-04,-1.9233147385180658,21.798907737834185,3.41481636527115,11.428771226501157
2000-06-05,-0.9812916630833824,22.551325111859263,3.3324644669729757,10.604049506588025
2000-06-06,-1.2998906993642967,22.60859075234103,2.986225689892093,10.172948336794892
2000-06-07,-2.3834600781236546,21.401684009586187,4.444981715634004,10.815494576471526
2000-06-08,-1.2762701760997532,21.10650534376063,3.1269222832864934,10.653498423906287
2000-06-09,-0.32657541914537414,22.579487678233175,2.628020790958517,10.566559642338783
2000-06-10,-1.4225576085682534,22.28346139719945,3.2400676140918945,9.793799618005929
2000-06-11,-0.2672655004050486,24.547249604398868,2.55936489689837,7.635272156756397
2000-06-12,-0.8612383844353269,24.51653764706614,3.422131279983331,8.420013017117254
2000-06-13,-1.5657631902603066,24.201443762580013,4.668949275026723,8.046748605141651
2000-06-14,-1.7462133960138249,24.223143949670167,4.06035946800738,9.115489592553827
2000-06-15,-0.7529223024483676,24.00552581122424,4.1288971877880565,9.823376053305024
2000-06-16,-2.0230550391670925,23.520004100159912,3.4268530512336497,8.414004675611842
2000-06-17,-1.3200995307233239,23.4423911074779,3.7141138562670863,9.782803193730603
2000-06-18,-1.023843331784308,24.357691304253915,5.231304961896515,9.901018571320911
2000-06-19,0.3881035947318279,24.028202119994106,6.048182615613736,7.9660811832051825
2000-06-20,-1.494712031067073,23.778644730163162,6.168368625601353,8.584813961938536
2000-06-21,-2.190481125413823,24.21300231783891,9.286099698274372,6.09458033763603
2000-06-22,-1.9988661803781533,24.41882042874439,9.623090452731685,6.245073118066873
2000-06-23,-2.9854597370486156,24.372446034593068,11.192725005851296,7.251565187718713
2000-06-24,-4.273428675341105,25.365524208194273,12.658445127575833,7.649059584315691
2000-06-25,-2.9462551053488335,24.722717994748667,12.850415871180003,6.135711346870283
2000-06-26,-1.5861219931499781,23.132098663213085,13.695564082726449,7.815737094644913
2000-06-27,-1.110601776209075,22.604266278960992,13.243095581759986,8.26618167505553
2000-06-28,-1.4251750051500747,20.561410797663115,14.81831598450975,7.959778491217124
2000-06-29,-1.6142041775686833,18.976982821510838,14.916555340043312,7.881203521763092
2000-06-30,-1.3474276897868889,20.21411678693625,15.697888833813389,7.894523362529261
2000-07-01,-2.25683638386976,21.570032927786748,15.754576882058455,6.942358165030861
2000-07-02,-1.9023882649968016,22.65331105306897,15.599885868491446,6.257957375900892
2000-07-03,-3.102066627615822,21.526818162533296,15.554789889052929,7.7977249712704735
2000-07-04,-2.7988435745478877,21.579298413104762,17.190771919193907,7.82758653703024
2000-07-05,-1.489741908955926,22.09242760290215,17.8421432174781,6.064487753533474
2000-07-06,-0.14238381870855288,23.113157720479638,16.99811571252918,6.715039053065334
2000-07-07,0.7616910330542559,22.31322865745068,16.078157607078445,7.020398283742242
2000-07-08,0.6211907056854588,22.438312536704466,16.660051670800303,7.362177109623746
2000-07-09,2.7402052671892925,22.450569190936463,16.36873022988093,7.099282070884191
2000-07-10,4.175444123352548,22.654122166704553,16.908703656833072,7.01327069322782
2000-07-11,3.5889077618710283,23.397603061668505,16.931569623413314,7.3327316002011615
2000-07-12,1.3181220784976304,22.373655229628877,18.52658245619483,6.80094469547297
2000-07-13,2.766857793669515,21.843772902831482,16.40029935342087,5.496664278885576
2000-07-14,2.5144625818023645,21.335052000716352,16.150436283924414,5.979596626608858
2000-07-15,1.7720995932354995,21.749454505570906,15.422473781443104,6.5526264291422915
2000-07-16,1.2628324397586326,22.629630066445333,14.720423975117129,7.00043666743844
2000-07-17,-0.22474748308464654,21.873249038775448,13.627261423193369,7.5212346225392075
2000-07-18,-1.9921589537673279,20.581310501554086,12.182413723196774,7.527748308958322
2000-07-19,-0.7721061210190265,21.113980568126895,11.16019610564913,8.328236474740791
2000-07-20,-2.316154719679402,21.903060217684942,9.671570056459823,8.28737150479164
2000-07-21,-2.753092462640683,22.49885704249077,9.001028728024995,8.635610043711994
2000-07-22,-1.9884347383610068,23.870359235571602,8.416171387327685,8.201582741937067
2000-07-23,-1.3977228884190747,24.98144441543218,8.426943716060148,8.331003839796209
2000-07-24,-1.9905659840940824,26.439208629663092,8.329437752587685,8.786892060788514
2000-07-25,-1.1860380357022884,26.907825562091876,8.241198950135834,8.933987443455063
2000-07-26,-2.214818249919597,27.516305099742535,9.181341720746426,7.492800316709207
2000-07-27,-0.7732934759160539,28.743368765581412,10.28853520493189,6.630883412684807
2000-07-28,0.8093545700099996,29.843154504180124,11.300532373509323,4.74723155786768
2000-07-29,-1.3833486744672756,29.66422858598336,9.633452937532066,4.874779514394588
2000-07-30,-1.3684354164488814,30.989559149749105,9.490500322387776,5.879591785091464
2000-07-31,-0.5834896666101291,30.93615375579184,8.488069144361116,3.85930080307184
2000-08-01,-0.10050812789764307,32.14816903743235,8.041271508571688,3.959726588250334
2000-08-02,-2.7457205201471186,31.47544235713024,7.7379083427760476,4.345399197700397
2000-08-03,-3.4232857334268045,30.79791185659627,8.801292682567361,4.105322793242843
2000-08-04,-5.273700058808819,29.480150350607126,8.565362116030663,3.788412121889964
2000-08-05,-3.2670097083689824,30.724978213363766,6.924502227173944,4.911008833170775
2000-08-06,-2.948187266884694,28.857540930296732,7.179286627768642,5.307086153021848
2000-08-07,-2.491232865837479,29.54794405982589,5.393340528404124,6.354024851332999
2000-08-08,-3.17080200632824,28.265777810089496,6.863674633020145,5.000049365339896
2000-08-09,-4.245368597704134,30.319125133434884,8.989635698892265,5.185038581016806
2000-08-10,-2.40368935902346,30.206491896238454,8.796738505225468,4.326996021922791
2000-08-11,-1.7139459607359047,31.356014004136092,8.659980203092088,5.748333461976295
2000-08-12,-3.0334761598007516,32.00872641560338,9.399511783101897,6.874560135454751
2000-08-13,-1.8252515176315087,31.373195461304963,10.600845769490105,7.187396231804463
2000-08-14,-2.3380573394050908,31.811125622747184,11.748531835536264,7.3409613033967895
2000-08-15,-2.6909282770210554,30.31105374293832,11.61854594199032,8.882700511603282
2000-08-16,-3.9069230673392354,30.833780046999216,11.009972463616627,8.45378589987549
2000-08-17,-3.482033838612663,31.145774140522885,12.752433664692708,10.188610666808032
2000-08-18,-3.26106521721166,30.489976023604413,11.254012997710271,10.121490078018057
2000-08-19,-1.871250891541116,30.1613023424659,11.661596814089638,9.967368876854762
2000-08-20,-0.7061849342294906,27.990493099444112,12.726459186309503,10.187105455922465
2000-08-21,-1.6643227869745818,27.615868402516753,12.849277133185751,11.45567719119717
2000-08-22,-1.6375756009758562,28.983336769371306,13.12953265531821,11.03123311129636
2000-08-23,-1.2843567070784925,30.665057167686292,13.478912981977588,11.405000721934757
2000-08-24,-2.0698423637864045,31.977706765583484,14.316053678494956,12.652301028547491
2000-08-25,-3.2161814804490723,31.677776602273564,14.336185117618768,12.42928139186087
2000-08-26,-2.5936571702151214,31.70975343131793,14.81882770222654,14.314569762953479
2000-08-27,-2.7183306496763833,33.152224844519395,14.694837852599822,13.988143235163458
2000-08-28,-3.9568504749201763,32.78074241940348,15.480040134485682,14.500537774660302
2000-08-29,-4.758173762241174,33.78582468792049,14.440970750489875,14.102025847400265
2000-08-30,-6.953380138122459,33.641761895857556,12.955324251472764,12.904457499889334
2000-08-31,-8.089942071116326,33.14840955014254,11.476747784859041,13.693028398108902
2000-09-01,-8.841831309541117,31.149777456854046,12.17563336908854,13.276933508697956
2000-09-02,-8.263003659333373,31.364799770008876,11.35446598215431,13.352432932452095
2000-09-03,-8.187616321373266,31.734762079813397,9.361023998130479,12.43759120611686
2000-09-04,-8.255362271488915,32.22654198990479,8.68779067930787,12.528936319909988
2000-09-05,-9.184336636344305,31.719963432624976,7.349278548175783,11.938899496238639
2000-09-06,-6.879724453735109,31.900001014924246,8.123602588634636,10.405330814221148
2000-09-07,-6.385912396994999,31.416407261413255,8.523073216261144,10.006161306804348
2000-09-08,-7.310680803673445,30.99847600761868,10.219679843655577,8.731617803116318
2000-09-09,-6.7299239306984875,29.22540983661362,9.504502930300193,9.066234323586803
2000-09-10,-7.726375300966972,29.504706298626274,10.283895128848847,8.83574599576508
2000-09-11,-7.411314747766152,30.060864990419322,9.010221506662957,9.190256860239792
2000-09-12,-8.631686749034866,28.4506084596169,9.534927897608599,9.48560348528801
2000-09-13,-8.285987732346065,28.260571457705964,9.571453602569854,9.203711432386973
2000-09-14,-8.509554031154593,28.437959324307784,10.06420254484954,8.688866692684762
2000-09-15,-7.520015395744626,27.039265875136817,10.657155111536344,7.413966117573026
2000-09-16,-7.763773964322345,27.203768332702833,11.811665015490444,8.6333784169374
2000-09-17,-7.107746627387919,27.88036844765785,11.649241531213615,7.272652531347223
2000-09-18,-7.228228649847241,27.519601093828353,11.907145485830421,7.583636741851969
2000-09-19,-5.88277364606461,28.89382639406676,11.475337044328976,7.25862776494972
2000-09-20,-6.11642079298873,27.88907600304824,11.507879224236657,7.193700136026605
2000-09-21,-5.99221625592587,27.127651974783863,11.323473988575229,8.911290511435102
2000-09-22,-6.494730747446725,26.982358881874617,10.992492754020276,8.127520357513824
2000-09-23,-5.940783311859166,25.247096243855864,9.672178721945784,8.75017913010326
2000-09-24,-6.359808180595832,23.633527140118364,8.941226139685005,9.692205805712112
2000-09-25,-7.421909272799758,24.43390508132814,9.09864072664555,9.16068090299122
2000-09-26,-7.6559495853091954,23.39317876252374,8.277643982570467,10.634478275318822
2000-09-27,-7.313243834685564,20.854485822887945,8.368976163944284,11.351567609358
2000-09-28,-8.663191731284874,19.066421082974532,8.241757388074294,10.598590177479828
2000-09-29,-8.852472145858831,18.927768243137603,7.383741708568188,11.781329583493832
2000-09-30,-7.8079365750001,19.584085668504382,5.442358657944375,11.156853649475174
2000-10-01,-8.724359518776488,18.961237467009262,6.424509158669065,13.017978035239356
2000-10-02,-9.410605854069715,19.153610375106947,4.740117301564832,13.59308483001572
2000-10-03,-8.164990994595243,20.458947793683013,3.6424701628835887,13.782882721479169
2000-10-04,-8.33287372044095,20.482157220579605,4.39981673700501,14.41605714000371
2000-10-05,-8.182825604286561,19.443142279076564,5.672735461733754,14.749294518123534
2000-10-06,-8.1773085931984,20.51817541584231,4.8750292892589036,15.84281002001767
2000-10-07,-8.96771628206035,21.021783213347415,3.8553731051611955,16.928033043085954
2000-10-08,-8.729011770455767,20.967873601632817,1.6375311497561063,17.358652809113153
2000-10-09,-8.15346867152987,22.60370081548262,3.2041394992409895,16.945111612403274
2000-10-10,-7.892430254032383,21.420795515146807,3.369050599480597,17.097118635791123
2000-10-11,-7.44028508070063,21.660338171632954,3.3374787676962665,16.784885961211575
2000-10-12,-9.332475086238011,21.11208858727805,3.7997386592325997,18.98327642392478
2000-10-13,-9.669352074322024,21.2189419983548,4.692366182234351,17.735130310649925
2000-10-14,-11.003557612232493,19.88062397829012,2.861663943581521,17.497837647161877
2000-10-15,-11.237164334083648,16.42928683614743,3.026995273598327,17.507751231000235
2000-10-16,-9.42857558454618,16.68751121633365,3.2068780354880357,17.560275213395045
2000-10-17,-9.857795904618696,17.23434844813697,2.867907107870374,17.69073140095145
2000-10-18,-9.187508606064023,17.74692849859327,3.358581894269123,17.90290676683221
2000-10-19,-7.785854303588092,18.872324181052928,3.159006038750184,16.798924142433865
2000-10-20,-6.992695372404405,18.74862181699083,3.4499702521208193,16.69121043967728
2000-10-21,-6.442820759200103,18.815893593036957,3.8168233313623534,16.607767879942298
2000-10-22,-6.961243719517087,20.27230706581832,4.678062666568863,16.37259435297132
2000-10-23,-7.5960741508628296,21.847074731728732,5.319100172315313,16.436315557377288
2000-10-24,-5.4939052945496805,20.85169099183098,5.846108671452336,17.263136549006195
2000-10-25,-2.8278620580539346,21.16014661697601,4.477733547830308,17.729187410910907
2000-10-26,-2.555698280942395,20.242361843736536,4.640454967153303,16.939474454848174
2000-10-27,-0.5590381241421258,18.960970143340724,3.200900912337909,16.614777599422574
2000-10-28,-2.44319504945873,19.077895908446443,3.6337161057151315,17.08270202274451
2000-10-29,-1.221990092933872,16.2684259680871,2.8812867328853935,18.041966372172574
2000-10-30,-0.5521796238502279,16.26939550611757,2.5219052559620705,19.49703748844974
2000-10-31,0.2053841750880241,15.853198258462573,2.625499353196098,19.644504414647262
2000-11-01,0.9789343235392511,14.693025242494349,1.6757018370226175,19.013630340451723
2000-11-02,2.9817175943660668,13.630657764479162,1.0830284002144772,18.336920948985057
2000-11-03,4.050196611660018,13.899023776179023,2.033398908303845,18.99849249022386
2000-11-04,5.006824048841688,13.063563662579881,1.9054981290744337,19.76477110054107
2000-11-05,5.7208195233594745,11.745400078292906,0.5949619884380537,21.73396355173212
2000-11-06,6.270121590613667,11.389629173417566,0.7438203089057315,20.530279234568365
2000-11-07,7.4710674090032665,12.364126666173592,0.16336642817874114,21.139169100977927
2000-11-08,6.724459419834737,13.630223644422822,0.8966522028902232,20.725643606860423
2000-11-09,7.593018686405446,12.432672837707623,1.5067162620403902,21.68506052900505
2000-11-10,7.129217040380203,11.708324893802388,2.8338974606510052,20.758911471061698
2000-11-11,6.506633366272103,11.992313166771122,2.6332182554600445,21.735082908473416
2000-11-12,6.219472553623613,11.822991966763585,1.9979936299659784,22.792030287710894
2000-11-13,5.677406161396569,11.489526194834065,2.199793339508891,22.787634591304492
2000-11-14,5.317280941236939,11.422925242803593,2.500117410568646,23.168940302771805
2000-11-15,4.615134056563044,12.794913287292866,3.225856979536857,23.49477231586548
2000-11-16,4.170535790831664,13.054549191020232,3.898687087349378,23.38022574799595
2000-11-17,4.86518920999594,12.697459957791306,3.7968813074591306,23.33195057454832
2000-11-18,4.878989883405552,13.737468314814567,3.093708658350083,23.85896775371338
2000-11-19,3.9851154410954006,15.092936462484495,2.552134468206977,23.5070823712002
2000-11-20,4.07426442920356,14.567789631352865,1.47760968322139,23.674087729390862
2000-11-21,2.349975895893336,13.968263253017598,-0.8945182697860197,22.337661205602675
2000-11-22,0.7743980749053287,12.812156306854382,-0.587950622143521,22.69066490820228
2000-11-23,1.8075084438308484,11.28788589764542,-1.192572839399793,21.29119584481488
2000-11-24,1.320879542988204,11.490795116577175,-1.7377941063945483,21.3077565140785
2000-11-25,0.5340233527315774,11.84723608403381,-2.106603629355341,22.02943208957595
2000-11-26,1.1105620494106887,9.704879196861574,-1.988047754726386,22.4148866077809
2000-11-27,1.5253669290903944,9.584969566597628,-3.0198087595374883,22.863209800150113
2000-11-28,0.9214584113877242,8.165896252179204,-2.011083107624822,22.550075081883158
2000-11-29,1.6966186438968927,8.74550499304884,-1.109869812846776,20.447681876928428
2000-11-30,1.4820226950252753,7.227226615992593,-1.2728594863520104,18.707199690708375
2000-12-01,1.878136302932501,6.808522355288685,-0.13420124856378868,17.44678831791507
2000-12-02,1.7275193226224201,7.945588135838759,-0.19050229878966962,16.95154943838643
2000-12-03,1.651459417721655,8.443987292302536,-1.7061845532001767,16.245284678178812
2000-12-04,0.13294142001095088,8.130755472242797,-0.24191012964089365,15.878348051394303
2000-12-05,-0.1392374057857092,8.30703382052339,-1.805695791851314,14.296277670777934
2000-12-06,0.6135353590657612,8.845478623346308,-1.4803742300852822,14.06627594010178
2000-12-07,0.16406753699888516,8.134537711083805,-2.0834285505917736,13.892314519885886
2000-12-08,-1.0590240683928418,8.07535693280379,-4.08329226787589,14.70019888863912
2000-12-09,-0.9838731169790625,9.08158902351256,-6.010069508609434,14.653767365024219
2000-12-10,-1.5247599239571274,8.618797965576682,-5.415790904972102,15.648513691620318
2000-12-11,-3.18474117006857,9.541699211230846,-6.4651032451982955,16.25079403244081
2000-12-12,-1.9925980000843688,8.563247028836448,-5.478371977257915,17.001258422891492
2000-12-13,-2.729715479659216,9.006015720946872,-4.073642126151052,16.557999372913397
2000-12-14,-1.7661053261082502,8.294885644921658,-3.0773791504261676,14.889048108550616
2000-12-15,0.3332129984811494,9.032647284586186,-1.9888575187803677,14.931431888543052
2000-12-16,-1.5395230475975297,10.449410536367411,-1.8279922949915022,16.179707215124996
2000-12-17,-3.420485894213384,9.066491789953053,-1.4870228514439894,16.307162175211737
2000-12-18,-3.900127007315384,8.847914151405464,-2.4763654454929283,15.594968639102502
2000-12-19,-3.016782500520532,9.291002051027652,-3.2402707628721332,15.770671329229364
2000-12-20,-2.0483628241915457,10.061263640164933,-3.0583295438819587,15.69451415316553
2000-12-21,-2.0116904985836084,11.955109569856912,-3.7029512152983406,15.704528970600704
2000-12-22,-2.928127888026519,13.604139900546874,-3.700046081133481,17.42974575217439
2000-12-23,-2.346348710274931,13.712646741805461,-3.6912632491378923,17.861818017026685
2000-12-24,-1.770086234910473,14.11440311592439,-3.88548871353507,18.334887703681428
2000-12-25,-0.9189796430018993,14.512943905141222,-3.3631128065383042,18.71777685741514
2000-12-26,-3.1053036397675884,12.921612595397423,-2.9129759893233382,17.377633234959813
2000-12-27,-1.7213692920845174,15.59320040659684,-3.8725160755496795,17.949713471339454
2000-12-28,-0.8195554448722845,14.112496917031619,-4.0935981858082755,19.82147332032199
2000-12-29,-0.8446208489808407,12.749644830472466,-4.052956909172527,19.743891419832256
2000-12-30,1.5467393791255684,12.546176602891403,-2.8782607000799727,19.645621626237364
2000-12-31,1.4841750853204272,12.40000992305749,-4.157439025131212,19.705597356596915
2001-01-01,0.17756813112101222,11.615849290452196,-5.315423119702933,21.155678936123145
2001-01-02,0.637513704239002,11.279452977902197,-4.28267855169377,19.19214919031255
2001-01-03,1.7242150770010396,9.630914575862402,-5.354631474050588,21.39053557420124
2001-01-04,2.733282237599332,11.262173271410806,-5.035958880364772,21.728416009855607
2001-01-05,2.1529031931933247,9.864781414805881,-5.527439563708001,20.834532968390544
2001-01-06,2.6980480113435394,10.242443914191796,-5.039018586020876,20.859362679068475
2001-01-07,1.3576717669906586,11.251073960998522,-4.325083855470182,20.928394517901044
2001-01-08,1.0692181496763498,12.504184714291277,-3.1558934944956425,21.19354214000258
2001-01-09,1.3380720578909076,12.96766737033484,-2.8209338781347126,21.438761788656596
2001-01-10,1.0437592272476102,13.34142282898486,-3.7679732260861973,21.071003367851393
2001-01-11,-1.1724754456121937,12.706459737278035,-4.213640288989462,19.469903796069566
2001-01-12,-1.3378066657866134,13.093371454269898,-1.8900544359072455,18.438802607946563
2001-01-13,-1.5285384184889357,13.524897266226342,-1.827642554128179,19.116877797134048
2001-01-14,-1.8330453687724235,13.882105826435955,-2.370395935151393,18.268609273884532
2001-01-15,-1.4038671582404172,13.705756521635816,-3.571079247327544,19.884171265001704
2001-01-16,-0.8703936136876044,15.134714306568473,-3.444249550521218,20.87075854167276
2001-01-17,-4.359689365015016,14.549111386178973,-3.8567750639937506,21.5454440316859
2001-01-18,-1.927525621119277,13.55560056246643,-3.3256870112206176,20.280632435262696
2001-01-19,-1.6881120805229144,13.792375085998032,-2.7055781877150475,20.2404301467824
2001-01-20,-0.9645364499072017,11.970179822394286,-2.117531906434372,19.06376420614367
2001-01-21,-0.28454894099293226,12.347103787064508,-2.395410477233674,18.785995495561618
2001-01-22,-0.04785061165441554,12.520911909408905,-3.658644189260875,19.195617065590202
2001-01-23,-0.5572554983751915,13.563816123119729,-4.76467258256857,19.96258005140539
2001-01-24,0.19395814410225032,12.497304077578416,-4.973542389183547,20.45185321992329
2001-01-25,0.20440703519516568,12.557534883196327,-4.012762478623001,20.22463912459529
2001-01-26,-0.9388047560188537,11.75847417646551,-3.607858755279312,20.477796609907262
2001-01-27,-0.8358775320685445,11.492643115766125,-3.5543434496176456,20.838858840952717
2001-01-28,1.1559132648003403,9.838232206561164,-3.4972767824753723,19.883908371660148
2001-01-29,2.409592397829151,10.42968415653396,-3.4574674443960016,20.223806900178857
2001-01-30,1.8144930474441026,10.69648222770732,-5.416439434549142,19.93876829542267
2001-01-31,1.9860468566805884,11.0524310092488,-5.796099242436404,20.758383985615403
2001-02-01,1.7959761460046049,9.74865082187779,-6.253768411618451,20.223591216122124
2001-02-02,2.3381106943712595,11.02053519453745,-6.540227027303554,19.89997789622251
2001-02-03,3.664997075747297,11.992536186139446,-5.0265985285401795,20.131736756142566
2001-02-04,4.144714061873969,10.9152294930362,-4.126114833018143,19.82692589724017
2001-02-05,3.292377175114483,12.891497739229909,-3.924054875116569,20.089964983918744
2001-02-06,3.6506250154788598,12.432500178941144,-4.20832214376587,17.515001054052107
2001-02-07,2.6236759268155803,12.627384704371577,-4.043189449719466,17.094828053706657
2001-02-08,1.8154312246658906,13.170718574593625,-4.345984177945436,16.66353414918291
2001-02-09,-0.20963398683903467,15.36725036405431,-5.932975247950086,17.43456441936884
2001-02-10,1.7111097063679754,16.29737244163434,-6.931101242790593,18.74380550295215
2001-02-11,1.2265987579678437,16.542988050564507,-4.94944018678666,19.370912030513086
2001-02-12,1.449029174599481,15.884065758458567,-3.99976812230598,18.068194424498536
2001-02-13,1.431282390327437,17.649439173793983,-2.029329509449971,16.672470589713992
2001-02-14,2.3870380849900217,18.5080720884298,-1.0178163306968693,16.4000598708062
2001-02-15,1.6854276544100264,18.087498233826285,-0.07476193566454203,16.06235992455694
2001-02-16,1.6852314844854692,15.680592387954867,0.04088478224988644,16.520199425761305
2001-02-17,2.452881335552816,16.17901192286067,-0.8101160461612834,16.243741855561623
2001-02-18,4.641369230849175,15.66821108706402,-1.0759525386209026,15.993480181780665
2001-02-19,5.952775780931886,14.476137275179296,-2.3312480429752216,15.418182612667126
2001-02-20,5.350518591921627,14.949030567630745,-3.894033276834637,15.686976036402521
2001-02-21,6.94234250036803,14.479466881850414,-3.8892722103970248,16.917278709778785
2001-02-22,8.443433989684848,15.227698986051001,-5.402162720991933,17.253758304762552
2001-02-23,7.974889307781206,14.69111644453973,-4.288475871510854,17.153689818953666
2001-02-24,8.345104183705395,15.984173175684633,-3.8148091296541606,16.715399897693025
2001-02-25,7.895690812061955,14.459109130971807,-6.291853603116813,15.935035173348385
2001-02-26,8.234607052186552,12.960834360815477,-7.31209742933016,16.764462210331644
2001-02-27,6.493567478826313,11.63035739868264,-6.855760912794165,16.33534728346632
2001-02-28,7.114136581903163,11.021530778197958,-7.3760002308383035,16.36416565772937
2001-03-01,6.405936440246052,9.604913360755871,-8.486529940827056,15.95930983389917
2001-03-02,7.748102005426108,8.990486170421104,-7.4683167623232105,16.972533960146325
2001-03-03,7.0655209475929315,8.224690396827105,-8.54691559304804,15.863482626376472
2001-03-04,7.770555230498406,8.02821184992872,-7.597498272470446,17.904193817720564
2001-03-05,7.241298194004672,8.276544123852325,-7.009925067354095,17.89703094104366
2001-03-06,6.450348707133646,7.110408667733386,-7.171488103027602,18.99493846665354
2001-03-07,8.449001399384573,6.196232653341024,-8.059095493397656,18.001039734054228
2001-03-08,7.796358858715887,5.7955459027670315,-9.637367498782508,17.937525041814652
2001-03-09,6.45006810635515,6.624690747313452,-10.38996628933563,17.42089422285013
2001-03-10,6.224394766235386,6.936914841059875,-10.54198377192833,17.1279722742106
2001-03-11,4.9576741906537585,7.237687832836643,-11.925528676772666,17.816257225017655
2001-03-12,3.6380811392395023,7.846499609884491,-13.234180667771406,17.716289230592285
2001-03-13,3.1504846039449963,6.671069004180552,-13.859049502005304,17.851202081651536
2001-03-14,4.527447721401321,6.015778807310487,-14.20311884265859,17.35697796691533
2001-03-15,4.990492277476993,7.007199322612182,-14.427837072846996,16.879370836471807
2001-03-16,4.140467375080534,7.38893183719669,-14.98084798770386,16.267846812419705
2001-03-17,4.355743163427479,6.317013503111119,-15.694292521718028,15.29849543000472
2001-03-18,3.8258535347358826,6.7557496665,-15.130762398019929,16.20366384573664
2001-03-19,3.086084393150642,4.790168880376429,-14.616557594525803,15.970708780309549
2001-03-20,4.392840838852171,5.581723971622716,-15.52481783865976,15.703606547958255
2001-03-21,4.7595135675421405,5.731614589522334,-15.402666437473911,15.725752450106917
2001-03-22,5.591284687524241,6.805456632189436,-15.218733866803978,15.590449932056798
2001-03-23,4.567633024277035,4.952742973930209,-14.588214448285461,15.974323654928469
2001-03-24,4.452245692378503,5.550984248841847,-14.374105607027175,14.959622407071159
2001-03-25,5.291064742572244,4.9153353374756055,-14.71439328687702,15.21275853658053
2001-03-26,4.5690810645767534,4.250549034276246,-14.581295567282975,14.338540512896563
2001-03-27,4.635005009873003,3.156747667583171,-14.059536685505659,14.628792507689484
2001-03-28,4.9845187094927885,2.558918823910872,-14.386408483411172,13.229006613820893
2001-03-29,3.92946770693837,1.776357694302174,-12.715746046817454,12.019332752408964
2001-03-30,3.0323112897112416,1.638540135250521,-12.926370766785555,14.513388044742896
2001-03-31,2.2827656449162963,1.1925422513947177,-12.77962686949506,14.617672991875999
2001-04-01,1.035974547421561,2.184744587033857,-13.622033613574082,15.354587797830058
2001-04-02,0.9330850127386036,1.6850180126723842,-12.757669099671016,14.619387560732298
2001-04-03,0.3000963504076739,2.1582436302618633,-12.355868034552293,13.990241842655298
2001-04-04,-0.7885576718081013,1.5617327716247889,-13.145270088744317,14.321953027962161
2001-04-05,1.6017858466858355,1.4762470453344554,-13.225749162261652,14.772688784691118
2001-04-06,1.0883008259946683,3.4271372660048165,-12.39244946544961,13.386764061319086
2001-04-07,0.8767982080280514,2.9369711212243614,-12.346389769519723,14.484427000056394
2001-04-08,0.860317708748877,3.8503207737070424,-13.65461781697562,13.197568519245964
2001-04-09,1.8944922677033036,3.0450409121996698,-13.290526704470455,14.04786071483702
2001-04-10,1.4190228189280205,3.1003252638033603,-12.529266617918083,12.23124600628225
2001-04-11,2.9179690451502127,3.775439750068508,-13.565313936195004,13.766364554224035
2001-04-12,2.2715806355268926,3.831123951233505,-14.643389297523381,10.867373941208273
2001-04-13,2.6816300391588612,4.64611654853599,-13.577566298069392,12.347185442059113
2001-04-14,2.3642684594753085,4.9281796827997315,-12.423592430540566,13.339339546464288
2001-04-15,2.9713164894154676,4.326191386751735,-12.409861240790939,13.897189938566179
2001-04-16,2.856074375158478,2.8629964690374288,-9.796688064034177,13.98431846477081
2001-04-17,2.691758889096522,2.1648349578889565,-9.279852233813664,14.38853192373037
2001-04-18,3.7744048529303145,2.5704011405742953,-9.237111235312904,15.310687372474428
2001-04-19,2.506711314516651,4.203966184615454,-8.725591063816397,15.304598066697006
2001-04-20,3.332944942611193,3.06961449715622,-8.802837234898782,15.500271128729247
2001-04-21,2.646470393524628,2.275589597935336,-8.415033370874456,15.634356457055356
2001-04-22,2.432530473691943,1.5926065416299118,-7.096006614902585,14.691278271184554
2001-04-23,2.779437996202697,1.0014302574439067,-7.054229980280717,14.823452495597909
2001-04-24,3.2778927268440103,1.6847758196278182,-6.412994647511363,16.760102558511157
2001-04-25,3.886488490607534,1.4928065007542095,-5.552989105878578,16.814875218644296
2001-04-26,4.138138323209295,2.374778647782845,-6.023963509829388,17.741079358656364
2001-04-27,4.508347600400047,0.775265624096374,-5.583449580529959,15.899204478101755
2001-04-28,4.8873634994965425,1.2681465205639304,-5.480507289605995,17.533690103984558
2001-04-29,4.154210594375918,-0.027630638804287067,-6.345096484405966,16.95195331879812
2001-04-30,5.229449124023222,-1.0921573200518002,-6.213354115017677,17.6290001889661
2001-05-01,6.077211631721487,-0.1533815278778643,-6.510801221439852,18.92376108175628
2001-05-02,7.135182273331794,-0.48132079842612074,-7.222461653677236,20.323242982381917
2001-05-03,7.182388635082032,-1.209983490768726,-6.607605754777634,19.64896780376182
2001-05-04,7.397932753719498,-0.09439832145452853,-5.050690827619169,20.773670978166443
2001-05-05,8.180656609550908,-1.7098544953709438,-4.47585768155741,19.244245994955765
2001-05-06,9.871882775290523,-1.0317743594453088,-4.456373405544395,17.837549572303438
2001-05-07,9.62842074966723,0.20547248969197796,-4.723050887721155,18.41601573989092
2001-05-08,10.631119337293761,0.35893894548183103,-4.436851686044515,17.554078737416024
2001-05-09,11.68244811614679,-0.02418049515041437,-5.249208788115749,17.081316933915932
2001-05-10,12.376203818227012,-0.398297249999062,-3.8480114972610036,17.296286285551727
2001-05-11,12.200952692877946,-0.6664630936813633,-4.186402524783298,16.360708332175015
2001-05-12,12.85006880171946,0.5131813052030331,-2.323487619928658,16.342120756566192
2001-05-13,13.156192288991274,0.9132134632182631,-1.886598738027892,15.845825167918472
2001-05-14,13.04212363295857,1.4540312342922506,1.24003725998578,15.65402213484831
2001-05-15,15.080279524062417,0.7965077698494543,1.2500075839216316,17.357189025882274
2001-05-16,13.175164121877977,1.29449877565599,1.5908820853108854,17.12552500098387
2001-05-17,13.628538832937892,1.5008349966898817,0.7588053933032903,18.93417190768686
2001-05-18,13.898780350598157,1.525145819373002,0.6976581554659984,19.987704183204766
2001-05-19,14.421580006762733,0.7096279310865085,2.182347251652982,19.211605385755384
2001-05-20,14.74499338536658,-0.2152403113825967,1.8367769802368492,18.606904287613947
2001-05-21,15.010232252499375,1.1163302912877788,2.331216282718881,18.935281334685634
2001-05-22,14.887049881441332,0.8079702834743542,1.8951326519192144,19.762375484548592
2001-05-23,14.24121473768745,2.981935742251281,1.37143011694994,18.590639287336774
2001-05-24,15.608683080675128,3.12544070336876,3.4586855257873057,17.848123551255522
2001-05-25,14.851309822161653,3.2273435753794932,2.858121532288136,19.473742043209164
2001-05-26,13.624605974968627,1.3734262312223218,3.5074614145814693,21.13901235153635
2001-05-27,14.622434266698086,1.3756264143735841,2.6263618579549113,20.74098062308786
2001-05-28,16.410303384038034,1.1021297009194249,2.286954812722527,21.99330870284429
2001-05-29,15.567202196936327,2.835248272109637,3.242625587934027,21.181866617506017
2001-05-30,15.103094685079965,3.394785239629193,2.1447761921099584,20.23129530465013
2001-05-31,14.028080100983734,3.8725928681212696,2.6087161420453104,20.202812226756166
2001-06-01,14.41148174563094,3.3873060521796656,2.5982020521049463,21.37819187937364
2001-06-02,14.259163607003083,3.891767634292176,3.0358954584136635,20.814771680024332
2001-06-03,13.505656641671436,3.3496020399820035,3.5324589894805314,21.609858410395834
2001-06-04,13.88499003209989,4.144053424148553,3.0885193448208015,22.25688624298428
2001-06-05,14.437003744252186,5.346548372395657,1.963833206178038,21.01282732620569
2001-06-06,13.93417511237984,4.652945394004629,2.557914400051775,21.846116450651643
2001-06-07,13.98664305601533,5.389142464614458,2.4874336248319255,23.047829047147626
2001-06-08,15.483423194766921,6.513361569853991,3.349330225680899,21.152543940380085
2001-06-09,15.4315637925629,8.40516891086207,3.926882169882118,20.684028512783065
2001-06-10,15.501611705057854,7.739533961647624,2.3373172057742195,22.41093885387026
2001-06-11,15.097104893844238,8.345977143003259,3.2210294943673943,23.90723606822826
2001-06-12,14.43721156478975,9.188502622971287,3.2481348268474273,23.897145592238008
2001-06-13,13.29548073005299,7.244240083981163,3.9270015505268185,23.96602772699192
2001-06-14,13.490649503452607,8.655581747588576,4.71195238723575,22.895359522213756
2001-06-15,13.900400091440968,7.45676447841255,4.399475991093379,21.120603654456318
2001-06-16,13.388116107242297,6.859973613623978,5.849688362254401,21.832348651254208
2001-06-17,13.28306713864191,6.9278829313636745,5.296348447778713,21.692227584535257
2001-06-18,12.172475165556389,7.567801498552781,4.1607886055729715,20.88594552317508
2001-06-19,13.979623636280529,7.462595837066346,4.843013018477726,22.45101677231387
2001-06-20,15.513244128347845,6.4740205845414,5.059967920489289,21.857896737626778
2001-06-21,14.676897620788637,5.029403701357717,5.365768679610459,19.86027059659571
2001-06-22,14.995088365679456,3.963586166228705,4.015082049934167,21.947028379780228
2001-06-23,14.504053881593725,3.327296742927047,4.188617984583134,23.97835750292305
2001-06-24,15.741635018229578,4.6043655404483275,3.536448890686522,23.16450577792991
2001-06-25,15.81456632961022,4.8763967828733,4.272145745694576,23.587266823939217
2001-06-26,17.65765630384079,3.776216442332613,3.1640339389009036,22.67891968924882
2001-06-27,18.278111685150748,2.9380372185959116,1.6496891571199745,23.118659395370354
2001-06-28,19.215772647971747,1.6767625832024753,2.4380746183398174,23.767105026708947
2001-06-29,18.456445267813145,-0.6152298975587374,1.597117063316566,23.720667095307807
2001-06-30,17.589930124402166,0.1167470293525924,2.2409168322088986,23.649251340367666
2001-07-01,20.093215996659946,0.19503570836641582,1.9752774957942154,22.70470482084508
2001-07-02,18.132243955037136,-0.20343636609597926,2.358581768081361,21.42809065230583
2001-07-03,17.382130061789915,0.740617666080638,3.2310394251504735,22.420365848407524
2001-07-04,14.703005967906098,0.6180030846705455,3.1735364786410405,22.919643064856356
2001-07-05,16.248794891226247,1.167820603641763,3.349396912905844,23.938574151681483
2001-07-06,18.41524134537096,0.9001009487344238,2.818173692921544,25.04427818459664
2001-07-07,18.686111060714637,0.8414547104070844,3.681546891868337,23.699717097109588
2001-07-08,17.97971151018892,1.770945911635446,4.512962407983212,24.442614663818517
2001-07-09,18.281165514521486,0.8378208185651875,4.467130209849998,22.662741268889384
2001-07-10,18.070891920476896,-1.453586564785006,4.869085530213809,22.468885687610694
2001-07-11,18.399554355041914,-1.9150398535465234,5.624102402494501,23.268345508746833
2001-07-12,17.317899077408633,-0.008905306313748085,4.6944765184915305,22.154411586639334
2001-07-13,16.266273268137244,0.592890916593574,5.5360863223965575,21.938450701213
2001-07-14,16.404872965686096,1.5010365628617013,5.43086087521226,21.83794466212208
2001-07-15,15.556848522850705,0.6397285803358295,4.688484264607455,21.638811451876986
2001-07-16,15.502692809292325,1.0094458263000206,3.934511262604876,21.92044428737086
2001-07-17,15.237828438684993,0.6134392935786472,4.635190913264213,23.117970287723598
2001-07-18,15.712367531148239,1.4150962468314348,5.101834170253172,23.434393093549343
2001-07-19,14.804239655247557,2.450285097069921,3.4483133570753157,23.68214515601322
2001-07-20,15.54931022392193,2.32086027837346,5.5135993206306235,24.61068523415716
2001-07-21,15.364999782672584,1.8210297808236442,5.678600024688606,24.60833692522998
2001-07-22,14.018162059758108,1.457161316007388,5.751846940961879,24.950332468246977
2001-07-23,13.329304104959173,2.1969490883186165,6.230175316274944,23.951234070769523
2001-07-24,12.619072035022882,2.2451867349247756,4.210634481226823,22.871153308338904
2001-07-25,12.478747043442167,3.5460300698926246,3.8994496845885362,22.50277548707133
2001-07-26,14.604097822148175,4.809289985589297,3.7207370612327053,21.092864086266708
2001-07-27,13.345793462130803,7.856882857341349,3.1059730567998596,21.611722960507443
2001-07-28,12.159044446581499,9.137228685421691,2.4681302816955055,21.095402873991105
2001-07-29,10.413071331247133,9.686671332345503,2.9275124249678353,21.122046331374374
2001-07-30,10.126069587561773,10.162325491783308,3.4765129775061254,21.821835586359573
2001-07-31,11.49211774131707,10.641929649623185,4.038440462275359,22.787558016929644
2001-08-01,10.516854387413355,10.105198639618893,5.762764938467852,22.558959621603833
2001-08-02,11.203611180321548,10.855553451971625,4.3828206707641995,22.75267649903501
2001-08-03,11.500306484135344,10.49392494586658,5.126475184025635,21.411108299965235
2001-08-04,11.586507329634141,9.063382522866972,3.2493702420337938,23.258890123891376
2001-08-05,12.562473880790982,9.57840963605603,2.430171753277468,22.611912688931348
2001-08-06,13.391697298805605,10.196678467754209,3.177675478905554,23.01997674920342
2001-08-07,12.30084076057654,10.612250758136362,3.185576002779089,23.97295044672064
2001-08-08,14.294082909651593,11.627124704852923,2.929069688556588,24.677429737770417
2001-08-09,14.227775172111752,11.331378940445347,0.10311400293387862,24.77640848308583
2001-08-10,13.745165632127458,10.927589915473192,0.9534754543438388,26.85136356265899
2001-08-11,12.956641708333303,10.784020793343418,0.4455747127159452,26.658756144758314
2001-08-12,13.260138662018877,9.479850776400006,-0.6870499978551544,25.744415344941764
2001-08-13,12.037073711253894,8.849437176440045,-1.3526763954222927,25.56550972071117
2001-08-14,11.809090026435117,9.676719430534765,-1.9547593088620547,26.545892557925452
2001-08-15,11.20684221473998,8.11992068012882,-1.6843250206186606,25.054862135411536
2001-08-16,11.609833537880167,8.229751609090375,-1.0069723704504647,25.55849376535255
2001-08-17,11.532345533522864,9.124382481197625,-0.7354991144803763,27.304252261819613
2001-08-18,10.849072069031704,9.17668776827388,-1.1570423483672374,27.357551395973662
2001-08-19,10.719000317971888,9.428031202510304,-1.4276198954292996,26.47540761432201
2001-08-20,10.037701635250741,9.779802939186686,-3.410875568531704,26.522292725984183
2001-08-21,8.866359113843973,8.870905986112163,-2.840043784193965,26.997212022967105
2001-08-22,9.436762373791485,9.312297040785085,-1.455086225751189,28.16121219573529
2001-08-23,10.586923075701353,9.681489622551906,0.2623511901635174,27.11339422003089
2001-08-24,10.859692057695806,8.702643008303902,-0.3429516806876146,26.96053696894863
2001-08-25,13.167484105321083,9.067048860900702,-0.7434029937631876,26.997822170029664
2001-08-26,11.52143152505954,7.997498207819471,-0.7963461337433027,27.043343917718584
2001-08-27,9.972412286361234,6.297211890814855,-2.0635822940841813,26.934881573896487
2001-08-28,8.90978344664698,6.22880865170967,-0.7180832696118471,25.64318561003589
2001-08-29,9.990716801306625,6.074273467701632,0.11746667616114803,22.94386183219211
2001-08-30,9.09781910079671,5.491927411998047,1.3672745637168333,24.22709061574543
2001-08-31,9.02622974243791,5.586078345921419,1.7125620467559235,26.12467668637473
2001-09-01,10.565013422674058,6.044252458227373,1.1213304363822452,26.61039763239374
2001-09-02,9.47314414031259,4.779896378447484,1.0603315065689993,26.30643039494142
2001-09-03,10.326293458138327,5.866671307306933,1.2260065486844591,27.257219435006185
2001-09-04,9.558200918605971,8.13341948538408,1.4793472237427978,27.03212673449551
2001-09-05,9.544374265735184,7.78444112416448,2.7457542923566374,26.240537492771743
2001-09-06,9.157707777568735,5.561306413515798,3.113601086185012,27.251042579841677
2001-09-07,7.99072760004928,4.851560442501638,3.881268518338597,26.613192478884912
2001-09-08,7.838270920847729,5.011788448673354,3.5117369505491314,26.999630092288214
2001-09-09,8.4514016319559,3.633000317081449,2.6091104294366247,25.85184765795687
2001-09-10,7.800184831781032,4.093474388770326,3.73247621999238,25.808583282078963
2001-09-11,7.381925479293459,3.879673940750277,3.5899218467225786,25.62461008129671
2001-09-12,6.156353303922354,5.884017030134361,1.0874076939836481,24.7529050127825
2001-09-13,9.709673839601347,6.330717210345785,1.6194618790897308,25.44937183833265
2001-09-14,11.278540075399428,4.139339517971427,1.288055920053506,24.629327298772644
2001-09-15,10.411334101632859,4.08067856246943,0.7412417133809825,23.755319226649135
2001-09-16,11.448701130265562,3.982464362036791,1.4394609623079413,24.267882731723226
2001-09-17,12.251355483456301,4.138286697024086,2.1327284690310417,24.499013716741825
2001-09-18,14.911408960600225,3.563702899557451,1.428841996965001,24.69798574854657
2001-09-19,15.85347986729541,1.8927762494020537,1.8061236610169578,23.55258523952658
2001-09-20,15.578960457786103,2.6781763447847013,1.9127611638813784,23.045939033017692
2001-09-21,14.99592904717556,1.9180510439962801,3.1613268245545805,21.80375768697488
2001-09-22,15.209887653440889,1.7444704410892105,3.553754275286244,21.504903227196287
2001-09-23,14.326972944681728,2.999276481377369,4.546638626011272,21.646446548661686
2001-09-24,15.885322312638786,2.4419380162255186,4.1309180021306995,21.325206916523886
2001-09-25,15.021903309696494,0.8308859142233627,4.148594294758225,21.137319742230286
2001-09-26,13.552950481822759,0.9262665411310985,3.936670690097787,20.08880688431671
2001-09-27,14.153312248600715,0.7803807886990477,2.6313679119154534,19.5259974180605
2001-09-28,13.887533388773871,-0.6341225616767854,1.9891370130758381,21.12685375029697
2001-09-29,13.860058591463094,-0.3485431103021674,1.6199544350223152,19.605343100714748
2001-09-30,14.37940825941161,0.4307593962704607,0.9568262932327309,18.20416439112005
2001-10-01,13.52438804747677,-0.2837758068384439,0.1297547766521151,18.34541293359932
2001-10-02,12.437670627461344,-0.633639508730491,-2.438584908741723,17.470445461864294
2001-10-03,13.486252426651658,-0.20927069145111415,-1.6028002477071002,17.361327568360142
2001-10-04,15.330186285087697,-0.7279101536546202,0.09522429470874605,17.998168330360254
2001-10-05,15.485996378847748,-0.9160419883286568,-0.1284497899622729,17.79629207810851
2001-10-06,13.779603107425098,0.11458800591175122,1.6343274635971485,18.16796362316318
2001-10-07,13.033367768636733,-1.4051923872160368,2.767112928583188,16.86779418958954
2001-10-08,12.402415055969346,-1.029419492971634,4.112967985118022,16.715228983635246
2001-10-09,13.288113927236758,-0.4580936733910792,4.468964632890385,16.56690876614262
2001-10-10,13.228612829378783,-0.8770742374198178,4.286875221006537,15.969367096614713
2001-10-11,13.368178650312819,0.8922984888313329,2.4549205461594887,14.72936247837414
2001-10-12,13.249981735020771,0.4961103476230966,2.398734602759437,13.836212070790397
2001-10-13,12.956806928364923,-0.6736291774577774,3.6245089873445546,13.500286519016603
2001-10-14,11.358050655089102,2.4680384489516367,3.480469803072095,14.988438897162156
2001-10-15,11.547519986162179,2.1228744127625316,2.2400159690358037,15.783174356507056
2001-10-16,10.618089485022674,0.30072803840157025,3.2929290693662567,16.477126455481056
2001-10-17,10.890450011319682,1.1217333034266468,0.878316151817689,17.095072356215244
2001-10-18,9.247881495814504,0.2315843878444428,1.6717081143794243,16.529833302938624
2001-10-19,10.135845283687997,-1.0965808500016352,2.902286665467382,16.380356982184
2001-10-20,8.923978912453785,-1.4751284713705637,3.3418916393304148,15.978451421605467
2001-10-21,7.671086271277895,-0.8962942876712502,2.0297597768289144,15.942775596753892
2001-10-22,5.611797615728671,0.7569159676225409,2.1702554889986168,15.538002666361727
2001-10-23,4.531961360575566,1.4433743745393137,2.6314970423812616,12.52635812593137
2001-10-24,4.455355789461478,-0.859334464220606,2.5274086518951715,12.059629797421126
2001-10-25,5.732947383672406,0.4899419979733175,3.3041973294505076,10.202537895344102
2001-10-26,6.74216670652441,3.053541768783088,2.515299155418645,8.973117954727286
2001-10-27,7.5176504816746075,2.0697672804378238,2.791528538368232,8.557226260062933
2001-10-28,7.398230256574846,2.0523774283794753,2.3788955841240194,8.087023354662552
2001-10-29,7.267278898079268,2.61535527725747,3.096881825691322,7.063618050486853
2001-10-30,6.849731088607901,0.5916228280690472,2.5683129519680348,9.137764703791602
2001-10-31,6.930554358417402,0.026371055821348688,3.4891203775738613,10.971819003420777
2001-11-01,7.0770396885126745,-1.2121392265037145,2.9145771158156757,11.643153664087084
2001-11-02,7.248090810208693,-0.8528935960044175,3.3794427372240814,10.850409279868732
2001-11-03,7.900287449551634,-0.8775199581534063,2.645188394134731,12.082714517464247
2001-11-04,7.417229618382812,-0.8317512412534269,3.431962034627018,10.94226304012322
2001-11-05,7.783486108512641,-1.8878038955035388,2.674211130158239,11.270768192749408
2001-11-06,9.327678547884123,-1.336017199783397,2.3912839371330055,11.68203142631224
2001-11-07,10.9854177111337,1.2943970677279215,2.5525833892980025,11.665022347282616
2001-11-08,9.323845357153866,0.5741059892619981,2.3806886401331764,13.22708849863651
2001-11-09,7.9277232373018665,0.5893037348180581,1.683477437331046,12.874970125335334
2001-11-10,7.532321262461502,-0.36649778959792767,0.8560047389015425,13.424831790269508
2001-11-11,8.221627718015025,-1.0835417785404005,-0.31113346485045257,14.21005663584261
2001-11-12,6.877096475004961,-1.766735775420952,-0.8361683591921284,14.393728992538636
2001-11-13,8.165984402717,-1.743019934333204,-0.34067635347584274,13.71032283490425
2001-11-14,8.416139902491459,-3.691635414328309,-0.8826940748063234,13.715932443251493
2001-11-15,10.114814364410684,-3.4600869847701246,-2.092897308537446,14.501853873805809
2001-11-16,9.59808299961342,-2.212035359936695,-2.0203202300677625,13.996426559449747
2001-11-17,9.892620645087824,-1.9009092785996016,-1.7846008141415535,14.558968965340169
2001-11-18,9.650325275294538,-0.987334042255522,-2.955016930815474,14.699573609857575
2001-11-19,9.4743056967114,0.0040998302636565676,-4.503556352034089,15.225756239013355
2001-11-20,10.48227094866169,1.498658242811389,-3.968821541392043,14.28544910053651
2001-11-21,11.498505815264402,2.733574877212048,-4.763275458843428,15.075726703541218
2001-11-22,12.134440529318523,2.0603797950934712,-5.002854420481925,15.496769719201408
2001-11-23,12.834258230305135,1.8236129396270617,-7.162606687679251,14.373247958081313
2001-11-24,15.769593117047375,1.559053282806479,-6.9741233134286125,14.01468445506378
2001-11-25,13.833125562661486,0.3185526074162581,-6.083999839195058,12.804941229334318
2001-11-26,14.207032231629988,-0.5626208490716436,-5.784651325888365,11.177281485461059
2001-11-27,14.506628039817842,-0.3705796203148422,-4.533926392538468,8.949120824517122
2001-11-28,14.32039606830821,-0.6847934698236428,-4.95538339333362,6.931262993103509
2001-11-29,14.357843927979971,0.30615255327154534,-6.673370946728676,8.018342060903864
2001-11-30,13.92438546208011,-0.9522101238559683,-7.1739231865923765,8.287295232602066
2001-12-01,15.16815088883153,0.0753772834426768,-5.545713647506234,8.2661913185725
2001-12-02,15.590271085925579,1.2521553151421942,-4.513385775631766,8.005957620903917
2001-12-03,14.134857863341578,3.686606914228156,-3.2027413074408813,5.447518667779407
2001-12-04,14.24644710794321,3.065608082389321,-3.2099326244115787,6.0924633788240055
2001-12-05,14.215885873225412,2.557459196379562,-3.04111068548416,4.260263251997225
2001-12-06,14.512782318586513,3.1077091396500753,-3.864877427296506,2.837394010909952
2001-12-07,14.508965811853674,1.79873091605098,-2.3131679626540347,1.6176438529093282
2001-12-08,12.090503222664267,1.0616305279042155,-3.2211951174908684,0.301643789552851
2001-12-09,12.161497268428064,3.0026417887290435,-2.8871812751412955,-0.043108669083147144
2001-12-10,11.38790621822434,2.544839474592146,-1.2087490378893428,-1.2110506882547178
2001-12-11,12.149785225951392,2.8767150152495735,-0.8046628531391246,-0.5573257232560849
2001-12-12,12.982355836434198,2.845483785350975,0.24660735035377368,-2.372239328926762
2001-12-13,13.736863051648116,3.6002306323226354,2.589023157869857,-3.1043240457755688
2001-12-14,13.448778112206169,2.963241799523787,2.589850047403362,-4.516311716694773
2001-12-15,12.520344389659655,3.021961255683546,2.2443688026871857,-5.340277954262769
2001-12-16,13.267643028682517,1.6839011124654644,2.8751473173881115,-4.578457304783541
2001-12-17,13.017812438873738,2.0375190726043884,2.0992794652766023,-2.777832719130787
2001-12-18,13.856535266051678,3.2819027061682196,2.897772878428393,-3.0622294116328628
2001-12-19,12.689248824631425,2.77958743840077,3.173516734334376,-2.9888682715006225
2001-12-20,13.021232806553428,0.6978236160055897,2.2378124423425625,-1.7497351629072364
2001-12-21,13.967552196113779,-0.3070875859835833,2.607592685598514,-0.5137828407926406
2001-12-22,12.936414536453901,-0.49013342384728664,2.2338190097561763,-1.3959763637575247
2001-12-23,13.538480301144363,-0.08114984109352902,2.468030646779883,-1.2171554773524875
2001-12-24,14.629559846371514,-1.6395454429826792,2.2630113497386217,-1.7804660205738383
2001-12-25,15.100108849162547,-1.3294545467053538,1.9985229413900663,-2.5961996304202533
2001-12-26,15.44812361038256,-0.10907312598309615,3.4696189475561665,-4.477781831482526
2001-12-27,15.848365479707752,0.32819284911670304,4.149746971668855,-5.939367167579926
2001-12-28,14.527456046993448,-1.2852425800420588,4.062449858194473,-5.776594091705563
2001-12-29,14.551057529850814,-0.053892571214066765,4.265030321802979,-5.922826640430497
2001-12-30,15.667140329275496,-0.4281553210610957,5.475340071934502,-4.911146055406617
2001-12-31,14.13326046952834,-2.1152539212662247,4.290219725460345,-7.561678626917166
2002-01-01,13.841511472389971,-1.1333825462260232,4.664644894094692,-7.869306072070273
2002-01-02,13.7186560170458,-1.2197260682898643,4.725377718676552,-8.960487364972678
2002-01-03,13.642654937815436,-0.6103712345566327,3.6587616054284715,-8.936804141148226
2002-01-04,14.314695363783057,-0.3736314713215051,2.8770673480397244,-9.493580368958522
2002-01-05,14.841281151886463,-0.4903871692006474,4.187444605453186,-10.274395192246201
2002-01-06,15.356985432938796,-0.8597339056929809,2.729882354555651,-11.478701571027605
2002-01-07,16.671854136096723,0.1791457552113922,0.0827040347151371,-12.756244506862107
2002-01-08,16.633598498596946,-1.0681950626617325,0.6279470300564461,-13.401973612977113
2002-01-09,15.58984060054512,0.2180660309882807,1.2110670767734284,-14.227587359476761
2002-01-10,15.634988514206244,0.5682694931894042,2.630501703796799,-13.533076828190872
2002-01-11,14.693840134893218,1.9042997290950003,3.6837637338607125,-13.473431584552928
2002-01-12,16.618102769455692,0.2251498526975877,2.350759449245373,-12.011464350592426
2002-01-13,17.723357653321404,-0.8262396584840488,2.340396380467135,-13.406405317778155
2002-01-14,19.57557699159841,-1.167569889040563,1.72831345552739,-15.487966119900944
2002-01-15,19.79856694958408,-2.0268964925639357,2.6068980889862807,-16.998624348997087
2002-01-16,21.072296421760402,-0.7279903737942386,2.980375963332993,-17.34367972525941
2002-01-17,20.94045943892171,1.761407589349839,2.8126544064583787,-15.714992679841565
2002-01-18,21.91623231521864,2.6118523930511515,2.681510551381223,-16.32383207422685
2002-01-19,20.43409510183403,4.931395741114114,1.0464325885329977,-15.231555267493821
2002-01-20,20.55990340496294,3.3250634286640546,-0.3692820976698401,-14.675344487905495
2002-01-21,22.197869798990528,3.864664094383483,0.5267906190959916,-14.997459488570547
2002-01-22,19.788570051821488,3.8881481250516408,0.5727644132667069,-13.770177335983789
2002-01-23,22.277990974540117,4.089307293800791,0.7261644757489291,-14.912736390888307
2002-01-24,21.55537680415384,2.7532434730784585,0.013473449621969058,-14.507352273244788
2002-01-25,20.696413837829773,3.2981154114445475,0.4547345327517527,-15.099805560178783
2002-01-26,19.445997762611913,2.3618888668809404,1.0648371812077801,-16.03706594249836
2002-01-27,18.762634911662932,2.7740803540052887,1.5234157180249808,-17.95295786688692
2002-01-28,18.317876304604813,3.6457837038814076,-0.3656202837800091,-17.718127911993598
2002-01-29,17.766965625358594,3.377212174030104,1.186384331961148,-18.585900266522493
2002-01-30,18.41350976939505,1.4688522909665656,-0.10854449542391276,-19.277716736862935
2002-01-31,17.154788643729308,1.3996146960287978,-0.580414009244939,-20.40009470540742
2002-02-01,16.4729713594493,1.006509866146404,-1.3995054752149596,-20.17226966447698
2002-02-02,17.09394823597756,-0.1963787627713791,-1.4190333352780344,-20.4592238495212
2002-02-03,18.074325015036916,-2.5584123395930565,-0.32941336069108496,-19.393462006745377
2002-02-04,18.321003096936664,-2.515388695237616,-3.7093947192142283,-19.302595807118134
2002-02-05,17.496174000177504,-2.2959105281113925,-4.541841873626127,-19.487709148454204
2002-02-06,15.472468785348703,-3.1350321687433613,-3.9980986109081105,-18.537537874151933
2002-02-07,15.459998657510523,-3.1363999050260416,-2.9527213971542814,-15.645062890899826
2002-02-08,15.554137995819714,-3.992329760557447,-2.409446282994641,-14.883395444239431
2002-02-09,14.951419657657125,-3.8839513219816446,-4.146282659994604,-13.4192189806615
2002-02-10,15.059845409851125,-4.5710854946188135,-4.712287646930371,-12.395114517346046
2002-02-11,15.268429999687847,-4.225312031506752,-3.5109659848767003,-11.392607196187523
2002-02-12,16.392044060777643,-4.019470346001401,-2.813684430301498,-11.287020865618956
2002-02-13,16.37417388641177,-4.990437049779171,-2.74447805140552,-12.282775202045832
2002-02-14,14.797184346788601,-5.12941767965321,-1.4561463260652936,-14.212172648292384
2002-02-15,15.297001885688363,-4.7064725820245386,-2.8394048596530785,-12.863474560784962
2002-02-16,16.65590795070277,-5.880720989538508,-4.2892073054012565,-12.593241230334415
2002-02-17,14.39799929226738,-5.7856505244636,-4.889112784096797,-12.965470850359395
2002-02-18,15.343454699320965,-4.403239173737835,-5.344426884750522,-14.913057231435797
2002-02-19,13.675270798349025,-5.349907906682446,-4.2151394791265515,-15.9446363032868
2002-02-20,15.127212190406137,-6.273701709086098,-4.4314624822980795,-16.725020536975066
2002-02-21,18.01405803123479,-8.0759204565605,-4.47173923342943,-15.206628034659316
2002-02-22,18.804668540098483,-10.194864271847045,-4.882098999214108,-16.36386131107736
2002-02-23,19.684841579798974,-10.915672361687173,-5.3224912820486905,-17.173740571898097
2002-02-24,19.687558867986947,-10.850514359693076,-6.434348475467428,-17.31845596739932
2002-02-25,20.350190267968355,-12.203327529699859,-4.9710069185667916,-18.415447758293475
2002-02-26,23.12091108954146,-11.81346987733347,-4.463095971457839,-19.280724210307188
2002-02-27,22.159377128109146,-10.917220146014666,-3.280414199509041,-19.15285369204076
2002-02-28,22.524448616649497,-10.785758431412821,-3.9360430348731343,-18.688351991426646
2002-03-01,22.224541092176967,-11.910223736444484,-3.2018871656722436,-16.98232813612645
2002-03-02,22.828062780199954,-12.666680704702566,-4.075339264300153,-17.358770848455862
2002-03-03,22.745525503166988,-11.631594696844962,-2.802612764748947,-17.37541672040009
2002-03-04,21.872720909169345,-12.049411509658858,-4.69036063109273,-15.04793496215456
2002-03-05,23.041823499261106,-11.142377883939941,-5.788525752790175,-14.712175383399185
2002-03-06,22.742838199318378,-12.211270274093955,-7.279793030155299,-13.402245154039084
2002-03-07,22.92200930496651,-10.95363680229634,-7.152033652473341,-14.285142780086481
2002-03-08,22.567827433774646,-10.76785983570642,-5.273820039717626,-14.58732329769826
2002-03-09,23.138021145238383,-10.762016651427981,-4.627343614885559,-13.845447364425326
2002-03-10,24.914710863433676,-11.705056775771977,-4.662062743404767,-15.069223391767366
2002-03-11,25.446015099421835,-11.301671481475271,-3.5983186277501478,-15.16914662043882
2002-03-12,25.0111462258286,-10.79352721581243,-2.9872078771345683,-14.955643057286235
2002-03-13,25.60529049395021,-10.785964025618233,-2.5207823462904453,-15.678898289803701
2002-03-14,24.448933012652788,-11.761548958424992,-3.5416862656517223,-17.017549829286015
2002-03-15,24.48725093594555,-11.356881952153369,-3.249448081191328,-16.34790878854165
2002-03-16,25.199347107454415,-10.166587956310597,-3.161786370055423,-15.759163115625688
2002-03-17,25.60075300471628,-11.159122717345838,-3.9099861407937313,-17.122685113147895
2002-03-18,26.14193659219918,-10.700030128199145,-2.43224527041289,-17.65086401027784
2002-03-19,26.304180261618914,-10.133255889251565,-3.1122860223361335,-17.84816353775428
2002-03-20,25.801112979588215,-9.457626878630188,-3.3956664179904132,-15.901965079315454
2002-03-21,24.526594937388005,-9.943594479327135,-4.134439424936125,-13.987629173609541
2002-03-22,24.876332527558723,-9.79622056781566,-4.475356844866636,-13.852421262442736
2002-03-23,26.053712183013882,-9.745683601732583,-5.702917674965691,-15.71867319763683
2002-03-24,25.66514373179,-10.071161210360435,-3.3707836861844167,-16.553620979231006
2002-03-25,24.999471752532575,-10.773530164351152,-3.2437808842241527,-15.583458758812737
2002-03-26,24.74508519913485,-8.674922570972583,-3.9699767088269207,-15.972341182184518
2002-03-27,25.497292760064738,-8.473146676408076,-3.049525656439691,-16.07412251064322
2002-03-28,24.323735782105402,-8.40796258183391,-4.734554451886731,-16.097857058945053
2002-03-29,25.02216515819173,-9.054501350974878,-4.6028598122200215,-17.223526550166042
2002-03-30,25.186168662564707,-7.471326393235976,-3.826849173965824,-17.326171175916727
2002-03-31,25.922522277738302,-6.327918468488733,-4.381264945264902,-16.389190491698358
2002-04-01,24.05537636249665,-6.129641811642294,-6.152284439444271,-17.96696469151693
2002-04-02,23.865689790907243,-4.033941666468687,-5.844335326185983,-17.453902929792225
2002-04-03,25.00336667011131,-3.5550753925899783,-5.5461747555589005,-18.918808963864805
2002-04-04,25.393202358235538,-5.960558502633248,-5.194660078811864,-18.437253826546964
2002-04-05,25.66434941826843,-6.347583570235078,-5.824338790379094,-18.387197213542432
2002-04-06,24.7634798760207,-6.256902834497465,-6.999762772562222,-18.48995545101438
2002-04-07,25.198463243135286,-5.560411973217261,-8.629267625312739,-18.651214671225162
2002-04-08,24.59669839554505,-5.384317865207897,-9.091647471755714,-17.735989563545647
2002-04-09,25.729737913953112,-6.024626791513941,-9.76964182900559,-19.498846826197074
2002-04-10,24.86826430055878,-6.767407079274555,-10.009161268150802,-19.77301951990436
2002-04-11,25.21715846601292,-6.0397818742241505,-9.451191508941868,-19.954210768108283
2002-04-12,25.621500997608248,-6.326202055953731,-7.6395991435488675,-20.173173018672248
2002-04-13,26.255475437256038,-7.404369736948858,-8.73486085955781,-21.340146271702277
2002-04-14,25.346873643632296,-8.430907007932694,-9.25836908434226,-21.802014056004698
2002-04-15,23.679217317172565,-9.355189173104721,-10.185715131363507,-23.133479516164687
2002-04-16,23.700542022057963,-9.171021621937097,-11.22124224722325,-21.82234654614358
2002-04-17,24.749225303449972,-9.798431754764927,-10.763412295177112,-21.40666215878615
2002-04-18,24.96722152550791,-11.207312736294046,-11.959998187989536,-21.063275000556533
2002-04-19,25.787755418280117,-11.659287124044655,-10.434901103614076,-20.910044054615284
2002-04-20,25.911387441515554,-11.160187266508325,-8.70804879109368,-22.07069723964146
2002-04-21,27.174470688246863,-10.370658865685892,-8.956903812507052,-23.17451702976855
2002-04-22,27.469260322292943,-9.99342180468643,-8.100302710981882,-23.257458514779795
2002-04-23,28.630221379029305,-8.585201113906052,-9.117613093772498,-21.60256985934878
2002-04-24,28.64671873114423,-9.42021044118519,-8.889494857371517,-21.53929773580498
2002-04-25,27.356646935053785,-8.121067899174795,-10.942025792416533,-21.090726439998825
2002-04-26,24.858158120799995,-8.167357346618653,-10.799350458041378,-22.327705844304266
2002-04-27,25.171274459681033,-6.474806413952966,-11.705824345745588,-24.188289466806413
2002-04-28,25.821741127268844,-8.473968323703012,-12.070558696028591,-21.21401413616496
2002-04-29,26.347025423080307,-8.342488770332594,-11.615162254855452,-20.961344636073214
2002-04-30,26.124027086169274,-8.647675794302453,-11.614631791762656,-19.836652458135145
2002-05-01,25.909818460130236,-7.448971196152364,-9.685323210354108,-19.45477568683146
2002-05-02,26.61106525096577,-8.295135283437132,-9.747216646077298,-17.281000839585335
2002-05-03,26.450546792920974,-7.731968867718598,-8.919315639477466,-16.494083559965887
2002-05-04,26.618360166344207,-9.260312964588785,-7.655113101496031,-15.705510558867786
2002-05-05,26.316716615277254,-9.421370992753157,-7.422556299284171,-14.852844296172954
2002-05-06,27.815415443589924,-9.48488832345856,-7.897278808182222,-14.60090506534286
2002-05-07,28.315071036594816,-8.230117487914024,-7.482556567532876,-15.634992005918482
2002-05-08,29.22149836105884,-8.96075983377572,-8.820770337330144,-13.755799847662523
2002-05-09,28.383177159660367,-7.558859483148831,-10.125950232186883,-12.719667303664156
2002-05-10,30.17347279906901,-7.531038700838421,-10.392971908125645,-11.311339274312697
2002-05-11,29.809647644396062,-7.984936940971074,-11.558852154203933,-10.363775980714301
2002-05-12,29.58552730971231,-8.86597886385534,-12.78017592457309,-11.55111954680837
2002-05-13,30.954611225000484,-8.396036918084448,-12.967664925577324,-10.880041833966128
2002-05-14,31.684717436775905,-9.794603118790981,-14.93951591333617,-8.936714474545154
2002-05-15,29.952303470564676,-8.666322805434719,-14.890610458590848,-8.849206119602533
2002-05-16,30.248438278936895,-8.790436386686517,-15.103010736943029,-9.503347885858442
2002-05-17,30.79530761247786,-8.647835635862542,-16.095285337296737,-10.159275498512581
2002-05-18,30.26895988072809,-10.185978243538575,-16.362759356563654,-9.554702844940982
2002-05-19,30.96013986547039,-10.069842964737967,-16.37680813296447,-9.33088554311044
2002-05-20,30.225344028735652,-9.21765658614859,-17.136931954363906,-9.82438058378424
2002-05-21,29.419442197103162,-8.15441555025391,-17.93744553023436,-11.768779918145189
2002-05-22,29.76572293188031,-9.349382710005969,-16.537325021770247,-10.179089685720779
2002-05-23,29.68078824330245,-8.275244205927809,-16.83757817555582,-9.181785050826164
2002-05-24,29.901322916178504,-8.9448677997257,-17.635433145401073,-9.044302023089449
2002-05-25,30.779273038441566,-7.766034773730649,-16.278052417783993,-8.077729714617844
2002-05-26,30.009100399743886,-7.8778289948561575,-15.432118399470355,-8.160090249309558
2002-05-27,30.66404466871534,-8.204160308260732,-15.138188551370789,-8.96293612594698
2002-05-28,29.101162382364087,-10.30946614871585,-14.61571574458609,-8.642350667924683
2002-05-29,30.85737605595246,-10.029507000604356,-14.351438678524222,-9.85243895391326
2002-05-30,31.14730979836816,-11.456970475697615,-14.608991718745624,-10.790323023874707
2002-05-31,29.540159093942464,-12.440114905918264,-13.990486467967047,-9.421885816935456
2002-06-01,30.031742835356816,-12.77150180020017,-13.67110206246716,-9.458745195716673
2002-06-02,30.938229071998027,-12.833230521932151,-14.435635268022875,-8.859904549000316
2002-06-03,28.621945595026865,-13.541198595757024,-15.541566244872918,-5.521809503382172
2002-06-04,28.452043175589665,-15.021228687889959,-14.001046469602288,-6.1088251007175485
2002-06-05,27.818160279248453,-15.936531281758917,-12.793960302347433,-5.977407287727883
2002-06-06,27.349819438172947,-15.253441978568167,-12.87618079102447,-4.6415468011096035
2002-06-07,26.775048246744397,-13.267258825366493,-13.016299793617593,-4.800822365558873
2002-06-08,25.71255912177676,-12.582842596504003,-13.388368908424628,-3.924618301059057
2002-06-09,24.557050442696635,-13.847133961452384,-12.117054488470501,-5.930785681646694
2002-06-10,24.642636197322144,-15.953375700269467,-12.848169293327036,-5.823585551452727
2002-06-11,23.72413812346047,-17.185053248656526,-14.548779492676747,-5.835762576713243
2002-06-12,23.130606286584644,-18.74061625151617,-14.323583071720886,-4.433300969487802
2002-06-13,23.33536797305503,-16.238827508950724,-14.555395221195472,-3.463563812356292
2002-06-14,22.891741475529937,-15.191577802574596,-14.575618488344206,-4.699801064793032
2002-06-15,21.524925479850516,-15.119261986092427,-15.55203059380132,-3.2285307822312266
2002-06-16,22.222992120015846,-14.983617043526056,-16.199677169518022,-3.549205436569192
2002-06-17,22.08328151523492,-14.752829294342819,-16.16510703653326,-4.249939529711069
2002-06-18,23.143513470701926,-14.60674088881321,-16.016370442676468,-5.520544208499233
2002-06-19,24.499423312173185,-14.921753224316468,-16.878264965271004,-5.9955367143545395
2002-06-20,22.63427233893847,-15.616411416310543,-14.930267060321276,-5.7644083304895
2002-06-21,23.011080007550827,-15.41269889041005,-15.916263449395784,-5.395632464294386
2002-06-22,23.37787581890489,-15.756922319945518,-15.896414299493436,-5.224421684309668
2002-06-23,22.729026451239516,-15.779508128873069,-16.98153466002236,-6.875240678367504
2002-06-24,23.86888995438823,-17.290507151245983,-18.0606059568256,-7.806203978212165
2002-06-25,23.42897617270958,-17.409869025609538,-19.35672328762638,-7.325297494282022
2002-06-26,26.610957659961258,-17.377964689329385,-20.489688110609826,-6.799015653171257
2002-06-27,25.68472140154524,-18.466310382903053,-21.394795685367527,-7.956671202353496
2002-06-28,27.34287041354202,-17.9698279259003,-22.208571571711982,-8.683870886245899
2002-06-29,27.977817890458397,-19.576157893996825,-21.430590410411902,-10.21348802320312
2002-06-30,28.413588386526143,-20.309866042206547,-21.861564469122953,-9.08563581732979
2002-07-01,29.255991357570924,-21.075140029539835,-21.970417498916593,-9.116433322297743
2002-07-02,30.604551336138616,-19.460696071852833,-22.881408678753047,-9.84029780905229
2002-07-03,31.925041424044707,-19.089344522700657,-22.363442771145817,-9.66238223673481
2002-07-04,32.648540063414195,-17.650780154254083,-21.15165021180795,-9.369812923533877
2002-07-05,31.882791542702652,-17.559634658815604,-20.699931267038696,-9.220980517531975
2002-07-06,30.594147126781344,-17.94685942641786,-20.420435257268647,-9.147990855002595
2002-07-07,30.415678636540292,-17.954645112367754,-20.874029365768653,-10.045717296748244
2002-07-08,30.24453303075361,-18.90013542697713,-20.616091112896513,-10.056064483889724
2002-07-09,29.112024168723806,-19.76856322166156,-19.043966212911688,-10.547931692490517
2002-07-10,27.578899746644186,-18.72072859978939,-19.223138199047412,-10.84907753827955
2002-07-11,28.178289120064644,-20.433019981524847,-18.547236365535554,-10.66431447187043
2002-07-12,28.56325068210203,-20.406864049668872,-18.245690598786904,-12.071676684681542
2002-07-13,29.372172299501234,-20.88011843809981,-17.596942677395376,-13.320329286151933
2002-07-14,27.191016969701387,-19.25356700085516,-16.384917421989403,-12.331334432852708
2002-07-15,29.257124134025755,-20.959479458121866,-16.57106103605737,-10.857199861766954
2002-07-16,28.09015130724632,-21.747153655834552,-16.240826755264084,-11.384378035132947
2002-07-17,26.382147280962478,-20.949389654837006,-17.18018730164145,-11.452333376776785
2002-07-18,26.848289244246384,-20.68475331854298,-17.04493886224245,-10.165615108656928
2002-07-19,27.036667799073076,-21.44458082642562,-15.540647422981904,-12.271677214779004
2002-07-20,26.627847655995808,-20.783558870406143,-16.480660934482465,-13.146458080655748
2002-07-21,28.363809423712055,-21.48500700492425,-15.91419798220679,-12.576971359768676
2002-07-22,29.491191374448057,-20.968194734606787,-17.29991838828091,-13.201142267409638
2002-07-23,29.093197343992045,-20.134464823555188,-16.312026491642506,-14.802613163820508
2002-07-24,30.586604720495735,-20.787666936843088,-18.304736275196056,-13.410661509872101
2002-07-25,30.772806831205415,-21.974912922931786,-17.995348819771824,-12.890924502334292
2002-07-26,31.710084561834517,-22.91517538816244,-17.102495540948407,-13.194490083524622
2002-07-27,32.252398596961015,-21.07053896664595,-16.93803865493465,-12.644436590382968
2002-07-28,30.913614903853567,-22.869863132500335,-17.18898237216531,-13.887776876025569
2002-07-29,30.931421385328587,-22.63778256121741,-16.373132134443853,-13.859397814031688
2002-07-30,30.970774339624914,-21.84425190113054,-16.61618434758543,-11.614505956589799
2002-07-31,30.23270733696067,-23.187599940226818,-14.404913559611295,-12.023239967705907
2002-08-01,30.63518630002868,-22.63223898088702,-13.82613811377522,-11.2471802154521
2002-08-02,31.850067997274145,-22.491174286521737,-13.820853371786253,-11.175733749164223
2002-08-03,30.846615711724052,-21.240400314458455,-12.64907733595939,-11.134680986837774
2002-08-04,31.619273802630605,-22.169892568889612,-13.412278411704364,-12.018694471308983
2002-08-05,32.38346852286177,-21.66645401865356,-12.917360745949404,-11.971061633929008
2002-08-06,33.44993110547671,-21.861691866525913,-12.133419545632577,-14.280886520547359
2002-08-07,30.875894575167433,-20.497455484292068,-10.783340229856378,-14.833440516454184
2002-08-08,30.18353314071643,-18.705890440144586,-11.621562885126112,-14.146488921179769
2002-08-09,29.94424791288503,-18.77862966962875,-11.677980722746213,-14.3240650121999
2002-08-10,32.33028965135907,-18.671841731085525,-10.795135608151314,-15.220489970661843
2002-08-11,32.42531390456222,-17.376478294711333,-11.549263595342447,-16.649096562222386
2002-08-12,32.480187225620405,-16.415995887110725,-12.624141634679965,-16.106786102998015
2002-08-13,33.42539439647937,-16.52644419079916,-12.076765014785227,-17.10119202035257
2002-08-14,33.24598977845267,-16.860827457699706,-12.261507650293078,-16.556004667578144
2002-08-15,34.287297297921135,-17.293416473040264,-12.317293322922149,-16.914055503217014
2002-08-16,35.9450063432856,-18.072652827646294,-12.716297604139823,-16.10539440529185
2002-08-17,34.150982502185364,-17.785867092050108,-13.287828820273365,-16.497782245739845
2002-08-18,35.16676331292412,-17.61313795262169,-13.397792454192198,-16.956280987730413
2002-08-19,34.07050278369171,-17.498838628956857,-13.114169944915297,-19.213128057295712
2002-08-20,33.15432925571429,-17.106726805801806,-12.279054471352188,-17.79817725541517
2002-08-21,32.27438632212327,-16.81140036384113,-11.780805857117834,-19.0375921115205
2002-08-22,32.27876578497315,-16.17931538454141,-11.308994745364057,-17.832584756246177
2002-08-23,32.74029436469748,-14.639304950703405,-11.975044096360016,-17.944617350648077
2002-08-24,32.77923048605275,-14.519718514545394,-13.44898507427419,-18.28439833211856
2002-08-25,32.505298198861425,-14.020038734757822,-13.700927297241975,-18.031587174059432
2002-08-26,32.563479333783256,-15.74861142348317,-12.65600802803275,-16.417615614834975
2002-08-27,32.88238292663957,-14.997163382333031,-11.938074587302141,-15.829114061311452
2002-08-28,33.124917863119805,-13.513495024873619,-12.37631889586247,-17.603560486642337
2002-08-29,30.893451526206444,-15.300343858116118,-11.016054745999746,-16.415943122557813
2002-08-30,32.04989400013099,-15.77835585732555,-11.162756944447674,-16.508178523676218
2002-08-31,32.98949895783431,-15.084411606419525,-11.261453923224472,-14.610159358276563
2002-09-01,33.06833035976676,-16.13895429540961,-9.233456675625598,-15.258517582014608
2002-09-02,32.84445477718807,-15.756823737528634,-8.315288269317918,-15.58460764527033
2002-09-03,34.77899580515595,-17.080588257436915,-6.4479884214606695,-16.31456497045398
2002-09-04,35.24367118312527,-15.714200562282656,-5.0762385788398525,-15.448546344560768
2002-09-05,34.32565349834316,-15.699080397777527,-4.081390851138838,-13.953169917437407
2002-09-06,34.02207421948541,-14.509573113738588,-3.3308571286257833,-15.079730855567426
2002-09-07,34.16199368827263,-14.774136066117455,-2.4606388981266814,-15.779542411539929
2002-09-08,33.40689278145758,-14.539188729588158,-3.151868711084983,-15.703583658093146
2002-09-09,33.561628873991346,-13.580685237813784,-3.9600865796641127,-15.269484480819632
2002-09-10,31.873747184083033,-13.767780982902021,-4.890333058674047,-14.31903666933768
2002-09-11,30.101312090758636,-15.479621195116886,-5.574721205948142,-16.109272301506934
2002-09-12,29.069159151846687,-15.57353739979865,-5.575791650220652,-17.19113471378398
2002-09-13,28.802147155669793,-14.673309694470229,-5.944065123036827,-18.142579369764352
2002-09-14,29.913629730417306,-13.270617543913886,-5.93354377620213,-18.46520725284002
2002-09-15,30.15789456271306,-14.224663633867237,-6.229903562202791,-18.674402336012037
2002-09-16,31.6564087667065,-12.204914718078765,-6.645295551066555,-18.581218683146066
2002-09-17,30.077802488651763,-12.44080382116992,-6.542191866667688,-17.184688357411893
2002-09-18,30.22178387331596,-11.731465762476091,-5.512361864089803,-16.886911578308936
2002-09-19,29.547955829207645,-11.678979535133127,-5.93144838342502,-17.345838580883814
2002-09-20,29.311237880055472,-11.136233237668469,-6.000406182506369,-16.652235245250797
2002-09-21,28.437996716145975,-12.04967753167731,-6.523723980329489,-16.738005797018914
2002-09-22,28.191235813724546,-11.56409852407753,-6.007076797245633,-15.230341746266111
2002-09-23,27.721456993064805,-11.668264069818175,-7.090638678014152,-15.338495568626172
2002-09-24,27.038822657278967,-9.331885543367322,-8.72566597477478,-15.599114452373936
2002-09-25,25.461882132737944,-10.427780942148667,-8.063523274928954,-14.875688642820405
2002-09-26,22.82124294202279,-9.529637447355748,-6.554224307109333,-16.26946170053731
